,imdb_id,genres,budget,revenue,duration,month,date,year
0,113041,Comedy,30000000,11134978,106,December,8,1995
1,113987,Drama,44000000,2206506,192,January,5,1996
2,112281,Comedy,30000000,37804076,90,November,10,1995
3,114057,Drama,11000000,29097,123,January,19,1996
4,112792,Drama,23000000,14931503,99,August,11,1995
5,114272,Drama,19000000,75514,117,February,2,1996
6,113321,Drama,20000000,4007717,103,November,3,1995
7,113862,Drama,23000000,14466,143,January,19,1996
8,115683,Comedy,15000000,4999979,88,January,12,1996
9,113118,Comedy,3500000,6589341,91,April,26,1995
10,116483,Comedy,12000000,8514125,92,February,16,1996
11,114536,Comedy,35000000,1761890,135,September,29,1995
12,116324,Comedy,7000000,164458,92,April,12,1996
13,116130,Comedy,31000000,7231087,92,March,1,1996
14,115685,Comedy,31000000,18275828,117,March,8,1996
15,112585,Comedy,238000,167815,98,August,11,1995
16,112461,Drama,2000000,765335,102,April,21,1995
17,112427,Drama,4000000,49429,112,July,21,1995
18,113540,Drama,1500000,85709,91,September,1,1995
19,113677,Comedy,500000,47965,90,July,21,1995
20,113690,Horror,12000000,4800258,109,August,25,1995
21,110620,Drama,1000000,23846,93,September,1,1995
22,114095,Comedy,150000,57237,94,June,9,1995
23,114436,Drama,45000000,8112627,128,September,22,1995
24,114534,Drama,13000000,16406,109,September,15,1995
25,114928,Drama,7000000,1743251,89,December,1,1995
26,111579,Drama,2800000,60074,135,April,21,1995
27,112508,Comedy,10000000,6639080,89,February,10,1995
28,109445,Comedy,27000,31665,92,November,9,1994
29,109759,Drama,2000000,100654,103,March,24,1995
30,109758,Comedy,25000000,3012695,113,October,14,1994
31,110066,Comedy,10500000,5831302,113,January,6,1995
32,113463,Drama,14000000,61349,139,March,31,1995
33,110189,Comedy,7000000,4392403,82,February,3,1995
34,110367,Drama,18000000,2411247,115,December,25,1994
35,113691,Drama,17000000,2520972,111,March,17,1995
36,110538,Comedy,15000000,2307850,97,December,21,1994
37,113896,Drama,5500000,2164840,128,May,3,1995
38,110638,Drama,24500000,62663,112,December,23,1994
39,105652,Drama,400000,9567,105,December,7,1991
40,110932,Drama,31000000,757714,133,October,7,1994
41,110907,Comedy,18000000,2026295,133,December,25,1994
42,114694,Comedy,20000000,8027843,97,March,31,1995
43,108550,Drama,11000000,74421,118,March,4,1994
44,110598,Comedy,9000000,244969,106,March,31,1995
45,109040,Comedy,15000000,12115105,86,February,4,1994
46,109348,Comedy,20000000,86072,98,February,24,1995
47,107426,Drama,35000000,873983,123,May,25,1994
48,110588,Drama,7000000,74512,125,November,23,1994
49,109785,Drama,80000,20601,97,February,24,1995
50,109021,Drama,7000000,3369037,105,February,25,1994
51,106226,Drama,34000000,2317289,139,October,1,1993
52,109067,Comedy,17080000,5240859,107,January,7,1994
53,106379,Drama,40000000,764011,122,May,6,1994
54,106400,Comedy,25000000,9525375,92,October,15,1993
55,106489,Drama,22000000,3716456,121,October,1,1993
56,109361,Comedy,9000000,1513507,80,January,7,1994
57,109443,Comedy,18000000,3136130,107,May,6,1994
58,106677,Comedy,6900000,918127,103,September,24,1993
59,109891,Comedy,30000000,5579480,109,June,17,1994
60,110074,Comedy,40000000,104490,111,March,11,1994
61,107207,Drama,13000000,109805,133,February,25,1994
62,107322,Drama,8000000,46476,103,August,20,1993
63,107478,Comedy,22000000,11821326,111,May,28,1993
64,110687,Comedy,40000000,3036050,87,July,22,1994
65,107818,Drama,26000000,143433,125,January,14,1994
66,107840,Drama,14000000,11728455,109,July,23,1993
67,110955,Comedy,11000000,3044097,97,March,11,1994
68,111001,Comedy,25000000,2580108,118,October,28,1994
69,107977,Comedy,20000000,6841830,104,July,28,1993
70,108000,Drama,800000,25297,114,November,5,1993
71,108149,Drama,12000000,53058,112,December,8,1993
72,112572,Comedy,12000000,14827066,90,February,17,1995
73,117283,Comedy,8000000,2319236,98,May,3,1996
74,116165,Comedy,24000000,1910840,94,March,15,1996
75,117891,Comedy,8000000,9310414,108,April,3,1996
76,117608,Comedy,39000000,8110080,93,March,29,1996
77,116168,Comedy,30000000,8041972,100,May,31,1996
78,116269,Comedy,13000000,967956,91,April,3,1996
79,117108,Comedy,45000000,5075340,117,July,17,1996
80,109592,Horror,4000000,22459,105,April,26,1996
81,112586,Drama,950000,1596,102,May,14,1997
82,117768,Comedy,25000000,1593929,94,August,30,1996
83,109688,Drama,40000000,21372,100,September,17,1994
84,117737,Drama,10000000,103028,118,June,14,1996
85,116778,Comedy,27000000,5582079,114,July,26,1996
86,116823,Comedy,30000000,3779504,93,November,1,1996
87,118073,Comedy,12000000,7052045,90,August,23,1996
88,116313,Comedy,26000000,18913411,103,September,20,1996
89,117718,Drama,6000000,150049,117,September,6,1996
90,115632,Drama,3300000,83863,107,August,9,1996
91,116985,Drama,500000,18665,88,July,26,1996
92,119214,Comedy,53000000,5784123,94,May,30,1997
93,117093,Drama,6000000,48661,114,November,1,1996
94,84370,Comedy,7900000,2400696,92,October,8,1982
95,117039,Drama,25000000,182221,133,October,25,1996
96,115862,Drama,50000000,5612095,113,October,11,1996
97,106611,Comedy,14000000,7046648,98,October,1,1993
98,117582,Drama,7000000,25909,95,November,8,1996
99,117589,Drama,4500000,60813,136,February,28,1997
100,117791,Drama,16000000,87054,125,September,20,1996
101,117958,Drama,1300000,39830,95,October,11,1996
102,116404,Drama,2400000,2156409,120,October,16,1996
103,116722,Drama,7000000,31850,123,October,18,1996
104,79470,Comedy,4000000,140034,94,August,17,1979
105,101761,Drama,38000000,9151800,140,March,1,1991
106,104348,Drama,12500000,2104402,100,October,2,1992
107,84707,Drama,12000000,202131,150,March,4,1983
108,116581,Drama,25000000,14397,118,March,7,1997
109,82846,Drama,7500000,89213,109,February,12,1982
110,81375,Comedy,9500000,4739769,109,October,10,1980
111,116059,Comedy,22000000,3213045,112,November,1,1996
112,95765,Drama,5000000,16552,155,February,23,1990
113,97937,Drama,600000,41165,103,March,30,1990
114,98724,Drama,1200000,155982,100,September,22,1989
115,105107,Drama,3330000,14385,135,December,11,1992
116,81398,Drama,18000000,128590,129,December,19,1980
117,86197,Drama,27000000,1601167,193,February,17,1984
118,85859,Comedy,3000000,23567,111,April,29,1983
119,97165,Drama,16400000,340456,128,June,9,1989
120,81505,Horror,19000000,622337,146,June,13,1980
121,97493,Comedy,3000000,177247,103,March,31,1989
122,88258,Comedy,2500000,30835,82,March,2,1984
123,83987,Drama,22000000,131153,191,February,25,1983
124,96332,Drama,17000000,202189,171,February,5,1988
125,89886,Comedy,8000000,2557180,108,August,7,1985
126,85159,Horror,6000000,2366472,105,November,18,1983
127,83550,Horror,5000000,4104277,104,September,24,1982
128,90655,Horror,5000000,3373779,89,March,28,1986
129,117666,Drama,1000000,28139,135,March,14,1997
130,117372,Drama,40000000,7649752,123,December,13,1996
131,115988,Drama,25000000,62995,124,November,27,1996
132,117119,Comedy,21500000,2860334,101,December,20,1996
133,93822,Comedy,6000000,36240,94,April,17,1987
134,116410,Drama,36000000,168012,130,January,3,1997
135,119115,Comedy,25000000,3759480,93,January,24,1997
136,119937,Drama,8000000,311253,106,January,24,1997
137,118111,Comedy,4000000,37990,84,January,31,1997
138,119887,Comedy,8000000,1817278,84,February,7,1997
139,120434,Comedy,25000000,12837927,93,February,14,1997
140,119528,Comedy,45000000,31423025,86,March,21,1997
141,118541,Comedy,3000000,2024516,95,April,18,1997
142,119109,Comedy,85000000,8776159,98,May,9,1997
143,117561,Comedy,250000,6023,96,April,9,1997
144,119502,Drama,4000000,12836,92,June,20,1997
145,119848,Comedy,33000000,5887675,106,July,2,1997
146,119509,Comedy,15000000,3252450,84,August,22,1997
147,119360,Comedy,35000000,15019821,90,September,19,1997
148,120169,Drama,7500000,11197897,115,September,26,1997
149,120524,Horror,5000000,6038516,90,September,19,1997
150,120323,Drama,28000000,2931762,105,September,19,1997
151,120402,Drama,2700000,89563,113,July,18,1997
152,119349,Drama,18000000,75183,112,November,26,1997
153,120303,Drama,4000000,11470,101,October,15,1997
154,119338,Drama,500000,231500,86,February,19,1998
155,119080,Drama,6000000,3287846,108,November,7,1997
156,118689,Comedy,18000000,2255233,89,November,7,1997
157,119832,Drama,24000000,978819,102,September,17,1997
158,119978,Drama,40000000,10626507,135,November,21,1997
159,118749,Drama,15000000,50168,155,October,31,1997
160,118836,Comedy,7000000,181233,95,September,18,1998
161,118632,Drama,5000000,29396,134,February,20,1998
162,118764,Comedy,3300000,436174,107,December,12,1997
163,119142,Comedy,35000000,6015970,115,December,12,1997
164,120255,Drama,5000000,31149,112,November,21,1997
165,119485,Drama,28000000,72095,134,January,16,1998
166,119718,Comedy,30000000,5233631,87,December,25,1997
167,120820,Comedy,15000000,5337651,93,February,20,1998
168,120693,Comedy,8000000,7722540,82,January,16,1998
169,119784,Horror,1000000,91549,94,February,6,1998
170,124718,Drama,25000000,7610663,136,May,1,1998
171,119792,Drama,9000000,28367,128,February,6,1998
172,119448,Drama,4500000,37268,122,March,27,1998
173,120742,Comedy,18000000,2087011,100,April,17,1998
174,119506,Drama,8000000,22491,101,May,15,1998
175,131436,Comedy,3500000,3310349,93,May,27,1998
176,126938,Comedy,650000,1102036,92,June,19,1998
177,118998,Comedy,71500000,29014324,85,June,26,1998
178,81283,Drama,6000000,170335,124,September,19,1980
179,82158,Drama,5500000,68907,125,April,9,1982
180,93389,Drama,23000000,149460,163,April,15,1988
181,95953,Drama,25000000,7005719,133,December,16,1988
182,97239,Drama,7500000,73745,99,January,26,1990
183,100142,Comedy,230000,46663,98,August,3,1990
184,89686,Horror,3000000,2865475,87,November,1,1985
185,97981,Horror,6000000,8115176,89,August,11,1989
186,101917,Horror,11000000,12966525,89,September,13,1991
187,82418,Horror,1250000,6429784,87,May,1,1981
188,83972,Horror,2300000,9406522,95,August,13,1982
189,87298,Horror,2600000,11183148,91,April,13,1984
190,89173,Horror,2200000,8032883,92,March,22,1985
191,91080,Horror,3000000,6750837,86,August,1,1986
192,95179,Horror,2800000,8245038,88,May,13,1988
193,97388,Horror,5000000,6251310,100,July,28,1989
194,82495,Horror,2500000,7446508,92,October,30,1981
195,85636,Horror,2500000,6333259,98,October,22,1982
196,95271,Horror,5000000,6831250,88,October,21,1988
197,97474,Horror,5000000,5093428,96,October,13,1989
198,76009,Horror,14000000,6735000,117,June,17,1977
199,95497,Drama,7000000,401211,164,August,12,1988
200,131857,Comedy,25000000,3086105,103,July,31,1998
201,96734,Comedy,18000000,11101197,102,February,17,1989
202,89126,Comedy,7000000,50437,91,January,25,1985
203,86066,Drama,10000000,5068165,91,March,25,1983
204,91499,Horror,10000000,3205644,98,July,25,1986
205,120813,Comedy,1000000,21210,88,August,7,1998
206,118301,Comedy,14000000,4704688,96,August,21,1998
207,120577,Drama,13000000,6611532,93,August,28,1998
208,120654,Comedy,13000000,3634236,82,June,12,1998
209,128442,Drama,12000000,8459126,121,September,11,1998
210,124879,Drama,30000000,3321370,114,September,11,1998
211,85346,Comedy,7000000,4553233,98,July,22,1983
212,95593,Comedy,10000000,3231056,104,August,19,1988
213,84938,Comedy,7500000,4206265,96,July,16,1982
214,120776,Drama,30000000,6606455,127,September,18,1998
215,100594,Drama,25000000,82753,138,December,12,1990
216,80731,Comedy,10000000,2399109,100,August,8,1980
217,120770,Comedy,17000000,9604791,82,October,2,1998
218,63462,Comedy,941000,6091,88,November,10,1968
219,104952,Comedy,11000000,7416751,120,March,13,1992
220,90830,Drama,10500000,1909084,119,October,31,1986
221,120603,Drama,80000000,8165551,172,October,16,1998
222,124819,Comedy,1000000,210073,94,October,23,1998
223,120684,Drama,10000000,75508,105,November,4,1998
224,120484,Comedy,23000000,39414071,90,November,6,1998
225,127536,Drama,30000000,275131,124,February,19,1999
226,87932,Drama,8000000,1544624,121,June,22,1984
227,91954,Drama,4000000,50829,112,November,7,1986
228,99750,Comedy,10000000,2149786,100,February,2,1990
229,140888,Drama,2900000,35708,110,November,20,1998
230,166396,Comedy,3000000,148971,91,January,8,1999
231,97366,Comedy,8000000,8045760,95,March,17,1989
232,91541,Comedy,18500000,5344555,91,March,26,1986
233,90685,Comedy,11000000,8881035,96,June,13,1986
234,87538,Drama,8000000,5031753,126,June,22,1984
235,97958,Comedy,28000000,11750203,97,December,1,1989
236,120686,Drama,50000000,19142440,125,December,25,1998
237,120633,Drama,75000000,70079,115,January,8,1999
238,119336,Drama,15000000,164826,122,December,25,1998
239,120514,Drama,10000000,69424,118,May,1,1998
240,118564,Drama,6000000,63979,114,February,19,1999
241,127722,Drama,4500000,14900,101,January,22,1999
242,150915,Drama,7000000,92956,121,February,5,1999
243,132512,Drama,60000000,8444321,128,January,15,1999
244,93075,Horror,2500000,4258063,85,May,15,1987
245,99636,Horror,6500000,1053175,93,February,28,1992
246,92076,Horror,4700000,2822439,101,August,22,1986
247,110978,Horror,600000,28235,87,October,21,1995
248,91877,Comedy,13000000,5274306,93,June,27,1986
249,92105,Comedy,10000000,4565342,104,October,3,1986
250,90863,Drama,14500000,6357877,119,October,17,1986
251,155776,Comedy,3500000,1603425,86,February,19,1999
252,132477,Drama,25000000,5905250,108,February,19,1999
253,98084,Horror,11500000,12046179,103,April,21,1989
254,106557,Horror,900000,2719750,92,January,29,1993
255,85333,Horror,9700000,3408904,110,December,9,1983
256,84412,Comedy,8100000,2539633,106,July,30,1982
257,122933,Comedy,80000000,18383507,103,March,5,1999
258,139134,Drama,10500000,13020565,97,March,5,1999
259,127288,Comedy,2500000,9521,97,March,5,1999
260,120646,Drama,38000000,5558400,106,March,12,1999
261,144814,Horror,21000000,7065123,104,March,12,1999
262,107626,Comedy,12000000,1465476,85,August,6,1993
263,118665,Comedy,12000000,5613587,97,March,12,1999
264,118892,Drama,8000000,105989,111,February,20,1998
265,131369,Comedy,80000000,8311290,122,March,26,1999
266,129280,Comedy,75000000,8224215,90,April,2,1999
267,166195,Comedy,2000000,2184633,84,April,9,1999
268,136244,Drama,12000000,82431,98,January,13,1999
269,120797,Comedy,33000000,3555032,124,April,23,1999
270,126886,Comedy,25000000,119080,103,May,7,1999
271,128370,Drama,1500000,4868,85,September,25,1998
272,160298,Comedy,3000000,2527909,94,May,12,1999
273,126261,Drama,2000000,13092,90,March,19,1999
274,164085,Drama,10000000,139634,126,July,7,1999
275,120731,Drama,9000000,39200,169,October,28,1998
276,142342,Comedy,34200000,41536370,93,June,25,1999
277,119038,Comedy,82000000,25520,80,April,15,1998
278,162677,Drama,22000000,5952452,142,July,2,1999
279,161100,Drama,6000000,8515223,106,July,16,1999
280,157503,Comedy,15000000,3986269,97,July,23,1999
281,162830,Drama,500000,49849,111,March,29,2000
282,90774,Comedy,18000000,2580750,108,December,25,1986
283,88939,Drama,15000000,1710333,154,February,7,1986
284,91530,Drama,24500000,40366,125,October,31,1986
285,89816,Drama,10000000,436266,121,September,20,1985
286,144168,Comedy,13000000,2210267,94,August,4,1999
287,131325,Comedy,55000000,18062550,97,August,13,1999
288,120620,Drama,25000000,3871616,100,August,13,1999
289,165710,Comedy,34000000,2005512,95,August,13,1999
290,91178,Comedy,13000000,2768003,82,July,25,1986
291,88889,Horror,7000000,3451191,94,April,12,1985
292,77394,Horror,6800000,3880880,107,June,9,1978
293,83530,Comedy,15000000,5329208,85,December,10,1982
294,85995,Comedy,15000000,8333358,98,July,29,1983
295,95188,Comedy,19000000,5655439,101,June,3,1988
296,102719,Comedy,15000000,5372880,90,July,3,1991
297,188863,Comedy,4000000,1339575,94,September,10,1999
298,164108,Comedy,15000000,3926825,97,August,27,1999
299,125971,Comedy,7000000,2631411,96,September,1,1999
300,88146,Drama,6000000,156383,101,November,2,1984
301,181316,Comedy,65000000,19208806,93,September,17,1999
302,173390,Comedy,250000,42668,92,January,10,2001
303,97390,Horror,7500000,548231,104,May,19,1989
304,120716,Drama,45000000,2056647,120,September,24,1999
305,162360,Comedy,2500000,72056,98,December,3,1999
306,167427,Comedy,34000000,8912743,81,October,8,1999
307,171804,Drama,2000000,73720,118,March,31,2000
308,176415,Drama,400000000,12726,151,October,30,1998
309,86200,Comedy,6200000,4275327,99,August,5,1983
310,91042,Comedy,6000000,6275647,103,June,11,1986
311,87980,Drama,13000000,2411311,128,October,19,1984
312,163988,Drama,55000000,6193052,121,October,22,1999
313,166943,Drama,27000000,3653281,124,October,29,1999
314,82121,Comedy,11000000,6622753,94,May,22,1981
315,83767,Horror,8000000,5870889,120,November,10,1982
316,92796,Horror,3500000,3584077,92,May,1,1987
317,86465,Comedy,15000000,7348200,116,June,8,1983
318,79540,Comedy,1600000,77170,94,June,29,1979
319,83254,Comedy,20000000,2297493,98,July,31,1981
320,172726,Drama,13000000,2408613,99,November,10,1999
321,93509,Drama,4000000,23850,135,August,28,1987
322,87781,Drama,28000000,5088381,138,May,11,1984
323,105265,Drama,12000000,298277,123,October,30,1992
324,88007,Drama,18000000,30027,124,January,11,1985
325,87091,Drama,10000000,24443,105,September,29,1984
326,90556,Drama,3000000,49164,96,January,29,1987
327,155711,Drama,15000000,1590155,112,November,24,1999
328,104114,Comedy,50000000,10611040,112,December,4,1992
329,172396,Drama,23000000,198535,102,January,21,2000
330,79239,Drama,4000000,83527,115,October,26,1979
331,100828,Drama,19000000,3729149,137,August,10,1990
332,150216,Drama,36000000,93998,132,January,21,2000
333,205000,Comedy,17000000,12224016,88,December,10,1999
334,124315,Drama,24000000,110098,126,January,7,2000
335,162866,Drama,15000000,47295,162,November,14,1998
336,175880,Drama,37000000,193604,188,January,7,2000
337,146838,Drama,55000000,13584625,162,December,22,1999
338,195945,Comedy,11000000,14465156,98,January,12,2000
339,174856,Drama,50000000,384640,146,January,14,2000
340,145653,Drama,50000000,54628,145,January,21,2000
341,120834,Drama,35000000,32135,127,January,7,2000
342,172493,Drama,40000000,95399,127,January,14,2000
343,169302,Drama,1091250,13734,95,October,19,2000
344,94924,Drama,15000000,1561793,120,November,11,1988
345,141399,Comedy,44000000,1368705,95,January,28,2000
346,156639,Comedy,4000000,29010,86,January,28,2000
347,104187,Comedy,7000000,9866120,88,May,22,1992
348,104797,Drama,33000000,9871125,202,November,18,1992
349,108147,Comedy,38000000,7569219,107,December,10,1993
350,106246,Drama,32000000,8624292,120,January,15,1993
351,105323,Drama,31000000,357468,156,January,8,1993
352,105793,Comedy,20000000,18122710,94,February,14,1992
353,108525,Comedy,40000000,13516699,95,December,10,1993
354,171356,Comedy,14000000,703109,101,March,9,2000
355,184907,Comedy,13000000,14331819,89,February,11,2000
356,159373,Drama,3500000,24680,124,December,17,1999
357,199290,Comedy,3400000,3684704,82,March,1,2000
358,186045,Comedy,37000000,5802229,96,March,3,2000
359,94321,Comedy,17000000,2548205,92,August,7,1987
360,93596,Comedy,12000000,2188857,83,August,7,1987
361,195685,Drama,52000000,28138465,131,March,17,2000
362,77975,Comedy,3000000,276538,109,July,28,1978
363,96054,Drama,6500000,1802656,121,February,12,1988
364,97216,Drama,6500000,3563535,120,July,21,1989
365,101615,Drama,6000000,638625,91,October,18,1991
366,95238,Drama,14000000,1804288,104,November,4,1988
367,93378,Drama,6500000,5651990,108,July,24,1987
368,107630,Drama,15000000,5536098,117,November,12,1993
369,165643,Drama,12000000,2212535,98,April,5,2000
370,217756,Comedy,24000000,5257778,107,April,7,2000
371,86927,Comedy,5000000,4573530,105,June,29,1984
372,191754,Drama,43000000,10310672,103,April,14,2000
373,166175,Comedy,1900000,53569,96,June,2,2000
374,80487,Comedy,6000000,3142689,98,July,25,1980
375,167203,Drama,50000000,2411445,114,May,5,2000
376,165831,Comedy,8000000,1911007,89,May,12,2000
377,156323,Comedy,10000000,3342085,81,May,12,2000
378,174336,Comedy,3000000,2181379,82,September,1,2000
379,215129,Comedy,16000000,15484004,93,May,19,2000
380,208003,Comedy,30000000,25661041,99,June,2,2000
381,80365,Drama,4800000,3559930,117,February,1,1980
382,105466,Comedy,25000000,3532540,88,August,14,1992
383,84522,Comedy,2500000,7623988,94,March,19,1982
384,86129,Comedy,6500000,7054988,98,June,24,1983
385,89826,Comedy,9000000,6207507,92,March,22,1985
386,86143,Comedy,3500000,4411861,89,July,29,1983
387,105428,Horror,15000000,10017354,91,April,10,1992
388,102951,Comedy,25000000,6736380,97,May,31,1991
389,99726,Drama,16000000,116975,135,January,18,1991
390,82945,Drama,8600000,64713,167,August,26,1981
391,186253,Drama,2500000,37089,107,July,7,2000
392,200669,Drama,15000000,90170,130,May,25,2001
393,99800,Comedy,2500000,4611024,100,March,9,1990
394,179116,Comedy,1200000,60410,85,August,11,2000
395,212974,Drama,500000,55946,86,October,19,2000
396,87277,Drama,8200000,8556935,107,February,17,1984
397,103241,Comedy,39000000,9216334,99,May,17,1991
398,144528,Comedy,84000000,42518830,106,July,28,2000
399,195234,Comedy,10000000,287452,93,September,1,2000
400,95925,Horror,3500000,686567,86,January,13,1989
401,98384,Drama,15000000,5425440,117,November,22,1989
402,173716,Comedy,10000000,127141,87,September,1,2000
403,191397,Comedy,50000000,11039214,118,August,11,2000
404,102510,Comedy,23000000,20817139,85,June,28,1991
405,204946,Comedy,11000000,17362105,98,August,25,2000
406,198386,Comedy,38000000,4051921,88,August,25,2000
407,187696,Horror,8400000,5725,103,February,3,2000
408,181875,Drama,60000000,2314646,122,September,22,2000
409,182508,Drama,225000,72129,103,August,9,2001
410,181836,Comedy,1000000,10131,82,September,18,2000
411,192731,Horror,14000000,8505513,97,September,22,2000
412,218839,Comedy,10000000,413436,90,October,20,2000
413,222850,Drama,1000000,109694,94,October,20,2000
414,210075,Drama,1000000,197896,110,October,6,2000
415,210945,Drama,30000000,20905831,113,September,29,2000
416,93177,Horror,1000000,4453232,94,September,18,1987
417,95294,Horror,3000000,3185511,97,December,23,1988
418,104409,Horror,5000000,3208009,97,September,11,1992
419,100639,Horror,350000,270135,87,September,7,1990
420,215545,Comedy,10000000,190720,135,October,20,2000
421,212338,Comedy,55000000,28623300,108,October,6,2000
422,180093,Drama,4500000,64770,102,December,15,2000
423,170691,Drama,10000000,26715,101,May,24,2001
424,213790,Comedy,24000000,5426390,84,October,13,2000
425,249462,Drama,5000000,215681,110,November,10,2000
426,230030,Comedy,48000000,13106526,93,October,20,2000
427,223897,Drama,40000000,9631359,123,October,20,2000
428,82307,Horror,400000,18148,87,November,11,1983
429,185431,Comedy,85000000,16063904,90,November,10,2000
430,203019,Drama,32000000,13339465,129,November,10,2000
431,228750,Drama,65000000,10207869,135,December,8,2000
432,93748,Comedy,15000000,7009482,93,November,25,1987
433,96094,Comedy,20000000,3827520,106,February,5,1988
434,94291,Drama,15000000,4104611,126,December,11,1987
435,96219,Drama,4000000,80547,110,January,13,1989
436,88850,Comedy,20000000,9858905,102,May,22,1985
437,183659,Drama,6000000,44244,122,March,23,2001
438,181536,Drama,43000000,701207,136,January,12,2001
439,162222,Drama,90000000,28883406,143,December,22,2000
440,210299,Drama,1800000,41967,109,July,27,2001
441,219653,Horror,54000000,8636567,99,December,22,2000
442,218182,Comedy,14000000,9128,103,March,23,2001
443,194218,Drama,1000000,18006,88,April,26,2001
444,213446,Drama,6000000,33902,91,January,9,2001
445,186589,Comedy,11000000,5891176,81,January,26,2001
446,92798,Comedy,14000000,5715701,97,January,16,1987
447,92804,Drama,29000000,318723,157,November,6,1987
448,92974,Comedy,3500000,6171957,92,May,22,1987
449,93029,Drama,5500000,78602,90,May,19,1988
450,93186,Comedy,7000000,2062120,98,November,6,1987
451,93200,Comedy,100000,95667,78,March,20,1987
452,93277,Drama,27000000,36973,143,February,12,1988
453,93278,Comedy,55000000,4331817,107,May,15,1987
454,93407,Drama,8000000,3008987,98,November,6,1987
455,93418,Comedy,10500000,7189452,100,October,2,1987
456,93539,Comedy,10000000,513731,95,June,12,1987
457,190861,Drama,36000000,16032,103,May,10,2000
458,177650,Comedy,16000000,74743,95,May,3,2000
459,250720,Comedy,35000000,9715102,94,March,2,2001
460,182000,Drama,13500000,112041,105,September,20,2001
461,99073,Drama,20000000,226613,128,October,19,1990
462,96223,Comedy,3000000,133330,93,October,21,1988
463,85868,Comedy,7000000,437257,100,April,22,1983
464,88000,Comedy,8000000,1513090,90,August,10,1984
465,102517,Comedy,13500000,6513130,108,September,27,1991
466,87015,Horror,1250000,1762922,88,August,31,1984
467,246989,Comedy,11000000,6406076,95,March,30,2001
468,260332,Drama,180000,48255,78,March,8,2001
469,236348,Comedy,39000000,4562455,98,April,11,2001
470,246002,Comedy,7000000,7562284,94,April,11,2001
471,240515,Comedy,14000000,7098459,87,April,20,2001
472,245120,Horror,15000000,3020159,90,April,27,2001
473,203755,Comedy,18000000,2520041,93,April,27,2001
474,141907,Comedy,90000000,3029858,104,April,27,2001
475,89504,Comedy,4000000,154877,91,February,8,1985
476,107130,Drama,12000000,808428,104,November,5,1993
477,95082,Drama,6000000,1129491,119,June,29,1989
478,255798,Comedy,47000000,19610520,84,June,1,2001
479,161083,Comedy,60000000,13049114,94,June,1,2001
480,244709,Drama,5000000,16368,116,November,16,2001
481,240462,Comedy,70000000,25037039,87,June,22,2001
482,258038,Comedy,7000000,1506233,81,June,29,2001
483,210217,Drama,15000000,2542,124,April,18,2001
484,257106,Comedy,45000000,20503356,83,July,4,2001
485,94663,Drama,10000000,75196,81,November,18,1988
486,93940,Drama,10000000,85731,83,December,18,1987
487,84788,Comedy,7000000,5906708,90,August,4,1982
488,227005,Comedy,5000000,118003,95,August,31,2001
489,94608,Drama,13000000,4316369,111,October,14,1988
490,94799,Drama,25000000,5126791,107,April,1,1988
491,94824,Comedy,20000000,4436330,98,July,22,1988
492,94910,Comedy,19000000,3351891,97,January,15,1988
493,95178,Drama,14000000,3074292,105,November,18,1988
494,95243,Drama,22000000,366925,129,October,7,1988
495,95253,Comedy,24000000,6121115,91,June,17,1988
496,95288,Comedy,13000000,2063546,97,September,30,1988
497,95304,Comedy,17000000,3308250,99,November,18,1988
498,95409,Comedy,22000000,5249388,91,March,25,1988
499,95519,Comedy,8000000,3850934,88,July,6,1988
500,95532,Drama,15000000,866398,98,March,18,1988
501,95654,Comedy,20000000,3268975,103,September,9,1988
502,96003,Drama,3000000,60523,99,September,2,1988
503,96018,Drama,7000000,215157,116,September,9,1988
504,96071,Horror,7000000,5848700,98,February,5,1988
505,96200,Drama,9000000,1116902,101,September,23,1988
506,96203,Comedy,18000000,3121752,105,March,4,1988
507,96241,Comedy,2200000,54811,96,January,22,1988
508,96316,Drama,23000000,3709562,110,August,12,1988
509,96320,Comedy,15000000,11174980,107,December,9,1988
510,96380,Comedy,10000000,4050779,98,March,11,1988
511,97142,Drama,19000000,540148,117,November,10,1989
512,97235,Comedy,15000000,5704860,113,April,7,1989
513,97276,Drama,9500000,63636,119,December,13,1989
514,97336,Drama,30000000,1476994,127,October,20,1989
515,97457,Drama,16000000,3807986,108,June,30,1989
516,97567,Drama,14000000,1675344,95,October,27,1989
517,97570,Drama,18000000,36505,120,September,29,1989
518,97607,Drama,10000000,32597,102,March,10,1989
519,97722,Drama,10000000,5032605,108,March,3,1989
520,97731,Comedy,18000000,1925049,90,August,18,1989
521,97758,Comedy,4500000,253834,100,August,25,1989
522,97790,Comedy,8500000,1653102,98,April,28,1989
523,97815,Comedy,11000000,8836265,107,April,7,1989
524,98022,Drama,34000000,1151749,119,October,6,1989
525,243655,Comedy,5000000,17481,97,July,27,2001
526,98230,Comedy,10000000,1121542,100,August,16,1989
527,98260,Drama,7000000,658660,115,April,28,1989
528,98320,Horror,5000000,4510990,109,October,27,1989
529,98343,Comedy,9000000,2460262,101,March,3,1989
530,98347,Drama,5000000,26118,124,March,19,1989
531,98519,Comedy,18000000,2283443,105,March,24,1989
532,98546,Comedy,5000000,2251831,97,July,21,1989
533,98554,Comedy,15000000,8794501,100,August,16,1989
534,108517,Horror,3000000,1747317,98,September,24,1993
535,87428,Drama,7500000,1075800,109,March,9,1984
536,77288,Comedy,7000000,18709,97,May,13,1979
537,80377,Comedy,15000000,8024663,116,December,17,1980
538,252866,Comedy,30000000,45117985,108,August,10,2001
539,250323,Drama,3000000,141852,101,August,31,2001
540,250687,Comedy,48000000,11662094,112,August,17,2001
541,168446,Drama,6500000,5065,113,September,8,2000
542,258470,Comedy,13000000,2038349,84,August,24,2001
543,256524,Comedy,33000000,2459315,103,August,24,2001
544,263488,Horror,10000000,13106108,90,August,31,2001
545,184791,Drama,5000000,5655658,95,August,31,2001
546,155197,Drama,1000000,6900,105,June,22,1999
547,242587,Drama,700000,82530,97,November,29,2002
548,180734,Drama,32000000,9386342,106,September,14,2001
549,255321,Drama,1600000,44399,90,October,5,2001
550,102316,Drama,10000000,230106,99,November,1,1991
551,86312,Drama,10000000,1218322,131,January,27,1984
552,252501,Drama,31000000,9021494,101,September,28,2001
553,196229,Comedy,28000000,15525043,90,September,28,2001
554,166110,Horror,16000000,2823548,96,October,24,2001
555,264796,Drama,27000000,294056,125,November,9,2001
556,275719,Drama,100000,28424,86,July,12,2002
557,290332,Comedy,7000000,2875067,96,November,14,2001
558,253798,Comedy,24000000,4531665,89,November,21,2001
559,247425,Drama,1700000,93972,131,February,8,2002
560,84809,Comedy,17000000,6322804,102,December,10,1982
561,242252,Drama,30000000,125523,118,December,7,2001
562,277371,Comedy,15000000,12615116,89,December,14,2001
563,280778,Drama,5500000,23144,91,March,29,2002
564,278488,Comedy,20000000,7102260,93,December,21,2001
565,248667,Drama,107000000,14710892,157,December,25,2001
566,277027,Drama,22000000,41779,132,January,25,2002
567,120824,Drama,38000000,1205174,111,January,18,2002
568,105789,Drama,2700000,138313,106,May,13,1992
569,273923,Comedy,18000000,15053226,82,January,11,2002
570,109288,Comedy,30000000,3715480,92,August,19,1994
571,219405,Comedy,1000000,21489,87,January,25,2002
572,240900,Comedy,14000000,2785283,86,February,1,2002
573,82525,Comedy,24000000,939423,107,August,21,1981
574,109190,Comedy,48000000,4044662,99,July,1,1994
575,85891,Comedy,19000000,1347032,110,December,16,1983
576,253200,Drama,12000000,111676,109,January,11,2002
577,99566,Drama,5000000,27948,107,March,19,1991
578,81249,Comedy,15000000,3565066,94,May,9,1980
579,216799,Drama,8000000,867635,130,March,15,2002
580,83169,Drama,14000000,93005,126,December,25,1981
581,81562,Comedy,10000000,8691886,111,December,12,1980
582,279781,Comedy,12000000,4127903,93,March,22,2002
583,286162,Drama,1800000,61613,91,July,25,2003
584,265662,Drama,22000000,16021684,127,March,29,2002
585,283111,Comedy,5000000,7302913,92,April,5,2002
586,103035,Comedy,15000000,3620054,108,August,17,1990
587,94137,Comedy,11000000,10384392,102,November,25,1987
588,226935,Drama,100000,10003,109,July,26,2002
589,253840,Comedy,5000000,60507,112,May,10,2002
590,262911,Drama,2000000,16072,103,January,17,2002
591,120467,Drama,120000,9377,87,April,26,2002
592,101701,Comedy,18000000,1803059,96,August,9,1991
593,98513,Drama,12000000,33963,120,December,23,1989
594,231448,Drama,10000000,2704682,96,May,3,2002
595,282771,Drama,2500000,18550,117,March,29,2002
596,102753,Drama,7500000,314631,112,September,20,1991
597,86397,Comedy,12000000,3044927,103,June,22,1983
598,241760,Comedy,13000000,9007833,88,May,10,2002
599,247199,Drama,1500000,26263,98,August,23,2001
600,77523,Comedy,5000000,10272294,114,December,20,1978
601,254199,Drama,7000000,54942,88,May,31,2002
602,268690,Drama,4500000,89499,104,July,5,2002
603,279493,Comedy,25000000,12037685,86,May,31,2002
604,238924,Drama,12000000,55000,104,June,28,2002
605,247444,Comedy,15600000,5474270,91,June,21,2002
606,286179,Drama,5600000,93072,141,July,12,2002
607,72976,Drama,450000,11623,123,February,2,1976
608,295178,Comedy,63000000,73071188,94,July,26,2002
609,246500,Comedy,9000000,64867,92,December,21,2001
610,67227,Drama,325000,11623,88,February,10,1972
611,88286,Comedy,9000000,4406205,90,June,22,1984
612,255589,Drama,1000000,4546,90,April,22,2000
613,281322,Drama,20000000,4548750,96,August,23,2002
614,268219,Drama,29000000,7480,98,September,19,2001
615,90966,Comedy,14000000,5726495,103,January,31,1986
616,83336,Horror,17000000,3037911,115,July,24,1981
617,270480,Drama,4800000,23869,115,August,30,2002
618,103125,Drama,20000000,59517,111,March,15,1991
619,309521,Drama,425000,4726,99,March,3,2002
620,87507,Comedy,9000000,2947746,90,December,21,1984
621,303714,Comedy,12000000,20627433,102,September,13,2002
622,99512,Comedy,9000000,6143372,81,April,6,1990
623,101821,Comedy,9600000,4453132,91,October,11,1991
624,171685,Drama,30000,10762,94,November,12,1999
625,285487,Drama,1800000,13341,113,February,6,2002
626,280491,Drama,2000000,29419,111,April,19,2002
627,246677,Drama,11000000,51909,97,February,21,2002
628,265307,Drama,6500000,46353,106,November,28,2002
629,95649,Drama,3500000,20283,126,May,19,1988
630,86373,Comedy,4000000,1913389,90,August,26,1983
631,84049,Comedy,14000000,3597244,110,June,4,1982
632,276816,Horror,40000000,201431,105,October,18,2002
633,283139,Drama,16000000,5607480,109,October,11,2002
634,252480,Drama,5000000,24526,108,November,30,2001
635,82334,Horror,9000000,3685654,125,February,4,1983
636,82661,Drama,10500000,11623,120,January,14,1981
637,82671,Drama,3500000,11623,115,August,4,1982
638,82801,Comedy,8500000,6481386,94,December,18,1981
639,288477,Horror,20000000,11503423,91,October,25,2002
640,286261,Drama,9000000,25890,128,October,18,2002
641,298203,Drama,41000000,51240555,110,November,8,2002
642,308411,Drama,750000,10497,88,May,9,2002
643,312841,Drama,2000000,29737,80,April,5,2002
644,102368,Drama,50000000,236113,143,December,25,1991
645,82969,Drama,9000000,287081,94,September,18,1981
646,83006,Drama,16000000,2260689,116,December,11,1981
647,283530,Drama,12500000,3846780,109,November,22,2002
648,293815,Comedy,10000000,13010767,85,November,22,2002
649,295238,Drama,125000,29943,86,December,20,2002
650,101356,Comedy,17000000,1537965,94,July,26,1991
651,83678,Drama,22000000,516014,108,February,12,1982
652,83717,Drama,11300000,1500000,120,February,12,1982
653,298856,Drama,10000000,65344,94,December,25,2002
654,168786,Drama,12500000,210013,120,January,10,2003
655,91814,Drama,10000000,3170215,105,February,14,1986
656,290210,Drama,11000000,30157,106,June,20,2003
657,282698,Drama,1000000,15522,90,January,31,2003
658,245341,Comedy,2000000,9424,92,February,22,2002
659,287934,Comedy,3300000,529,107,December,21,2001
660,103671,Drama,16000000,3378100,125,March,13,1992
661,106500,Comedy,6000000,6122450,89,March,12,1993
662,102500,Comedy,10000000,1952569,97,August,16,1991
663,106833,Drama,3000000,57623,99,March,12,1993
664,107079,Drama,10000000,5712485,123,February,25,1994
665,83947,Drama,15000000,43891,96,,19,1982
666,84477,Comedy,6000000,2318801,93,April,30,1982
667,84654,Drama,2600000,11623,104,May,13,1982
668,84691,Drama,9000000,978541,107,December,17,1982
669,302886,Comedy,24000000,17453216,88,February,21,2003
670,102303,Comedy,13000000,1920215,92,July,26,1991
671,107563,Comedy,20000000,2643091,100,August,6,1993
672,266971,Drama,500000,1461,112,September,14,2002
673,305669,Comedy,33000000,31101026,105,March,7,2003
674,161860,Drama,7000000,22070,141,May,16,2003
675,322824,Drama,250050,3562,130,April,4,2003
676,285462,Comedy,20000000,3700000,94,March,21,2003
677,283323,Comedy,1200000,13684,88,April,26,2002
678,325537,Comedy,35200000,13503484,95,March,28,2003
679,304328,Drama,7500000,30599,100,August,29,2003
680,305224,Comedy,75000000,42220847,106,April,11,2003
681,251736,Horror,7000000,3400000,89,April,11,2003
682,100611,Comedy,16000000,4017930,87,October,26,1990
683,102849,Comedy,3000000,3825068,89,February,22,1991
684,290145,Drama,1000000,30087,96,May,2,2003
685,308878,Drama,4000000,173246,96,May,16,2003
686,314786,Comedy,40000000,7319848,98,May,23,2003
687,298228,Drama,3500000,137418,101,August,29,2003
688,100827,Horror,9000000,260410,120,October,25,1991
689,120142,Comedy,11000000,4128178,107,March,28,1997
690,329028,Comedy,19000000,11100000,85,June,13,2003
691,298050,Drama,24000,11000,78,January,15,2002
692,93660,Drama,25000000,4606083,116,December,11,1987
693,333780,Comedy,45000000,22220670,95,July,2,2003
694,329575,Drama,87000000,20854735,140,July,25,2003
695,328828,Comedy,55000000,33369440,96,August,1,2003
696,263757,Comedy,20000000,11277367,92,August,15,2003
697,86036,Horror,4000000,540446,89,November,24,1983
698,303313,Drama,200000,12709,103,January,14,2002
699,326806,Drama,500000,99296,95,May,26,2002
700,301684,Drama,1950000,21475,104,September,6,2002
701,365960,Drama,20000,3148,92,January,23,2004
702,325258,Comedy,17000000,6660540,98,September,5,2003
703,260414,Drama,20000000,22051,108,March,7,2002
704,79826,Drama,8500000,793063,125,November,7,1979
705,309820,Drama,30000000,908446,123,September,26,2003
706,330602,Comedy,5000000,406651,88,September,19,2003
707,85959,Comedy,9000000,1987853,107,March,31,1983
708,110759,Comedy,8000000,2129483,79,April,29,1994
709,94138,Comedy,6000000,1506975,97,October,9,1987
710,110169,Comedy,8000000,31370,77,November,25,1994
711,102768,Drama,25000000,6146782,108,July,10,1991
712,322289,Drama,7400000,12419,104,February,19,2003
713,324216,Horror,9500000,29100000,98,October,17,2003
714,316465,Drama,35000000,13303724,109,October,24,2003
715,363589,Drama,3000000,93356,81,November,14,2003
716,95916,Drama,3000000,31401,102,January,22,1988
717,101862,Comedy,20000000,7031146,105,December,20,1991
718,102216,Comedy,23000000,8327550,97,February,15,1991
719,104756,Drama,30000000,79353,129,January,29,1993
720,105211,Drama,35000000,1932595,114,February,21,1992
721,56663,Drama,64000,8336,80,September,20,1962
722,104027,Drama,14000000,1041264,100,May,8,1992
723,156096,Drama,2000000,6269,110,April,20,2000
724,338466,Comedy,55000000,9411055,118,December,12,2003
725,337909,Comedy,10000000,151393,108,January,1,2004
726,317640,Comedy,2000000,19539,85,March,25,2004
727,315983,Drama,16500000,45572,126,January,9,2004
728,304229,Drama,5740000,23962,110,September,25,2003
729,332712,Comedy,12000000,7800000,86,January,9,2004
730,368913,Drama,46000,51969,83,June,27,2003
731,87718,Comedy,15100000,2742458,118,December,21,1984
732,105810,Drama,3000000,190961,105,September,11,1992
733,337579,Comedy,30000000,24241612,106,February,6,2004
734,349825,Drama,28000000,19377577,135,February,6,2004
735,309987,Drama,15000000,142632,115,February,20,2004
736,129136,Drama,6000000,4332,95,January,19,2001
737,88213,Drama,15000000,2270136,100,April,13,1984
738,328538,Drama,2000000,116260,100,September,19,2003
739,361925,Comedy,30000000,6775132,110,February,20,2004
740,361467,Comedy,15000000,9350572,89,February,20,2004
741,335345,Drama,30000000,83848082,127,February,25,2004
742,109447,Comedy,19000000,2571043,90,April,1,1994
743,82810,Drama,10000000,1547912,107,February,5,1982
744,351461,Drama,1100000,4808,93,February,28,2003
745,359517,Comedy,12000000,9375307,97,April,7,2004
746,345074,Comedy,27000000,3254940,108,April,16,2004
747,326856,Comedy,40000000,6160886,99,April,30,2004
748,377092,Comedy,17000000,24432195,97,April,30,2004
749,339419,Drama,800000,11102,94,January,17,2003
750,103939,Drama,31000000,84669,143,January,8,1993
751,105327,Drama,18000000,3020071,106,September,18,1992
752,105017,Comedy,12000000,981452,101,March,20,1992
753,87951,Comedy,12000000,3427840,96,December,21,1984
754,96321,Comedy,92000000,9864,93,June,30,1989
755,102116,Drama,7000000,34047,127,September,20,1991
756,87003,Comedy,8000000,953794,84,January,27,1984
757,105159,Drama,18000000,684358,127,March,27,1992
758,124207,Drama,2000000,33340,96,July,17,1998
759,280674,Comedy,17000000,2535,105,October,11,2002
760,101373,Drama,36000000,118162,189,December,6,1991
761,100258,Horror,4200000,2884679,92,October,19,1990
762,367085,Comedy,16000000,5648486,86,May,28,2004
763,323298,Drama,2500000,61913,112,June,18,2004
764,363235,Drama,1200000,2755,115,December,3,2003
765,374900,Comedy,400000,116666,96,August,27,2004
766,103976,Drama,27000000,3405890,132,April,17,1992
767,100129,Comedy,5000000,274815,90,February,1,1991
768,364725,Comedy,20000000,30070196,92,June,18,2004
769,348593,Drama,7500000,456876,111,August,6,2004
770,368975,Comedy,10000000,4171226,89,July,9,2004
771,74916,Drama,3500000,15915,123,September,23,1976
772,97373,Drama,3500000,62771,105,May,19,1989
773,260695,Drama,2000000,51000,120,January,25,2002
774,103007,Comedy,22000000,3656390,84,October,4,1991
775,361309,Drama,3000000,101295,101,September,3,2004
776,364751,Comedy,19000000,13528946,95,August,20,2004
777,81528,Drama,6000000,61109,113,October,9,1980
778,79822,Drama,1500000,767854,104,December,21,1979
779,270846,Comedy,20000000,3251856,88,August,27,2004
780,365125,Comedy,15000000,29384,89,September,24,2004
781,89560,Drama,8000000,135499,120,March,22,1985
782,356721,Comedy,20000000,292177,107,October,22,2004
783,252028,Comedy,45000000,4441356,91,October,22,2004
784,383694,Drama,11000000,13207,125,February,4,2005
785,350258,Drama,40000000,20039730,152,October,29,2004
786,362269,Drama,11000000,169038,118,January,7,2005
787,308644,Drama,25000000,220524,106,December,17,2004
788,339727,Drama,16000000,113620,97,February,27,2004
789,339827,Drama,350000,3887,97,September,28,2005
790,57877,Drama,3000000,7912,148,March,11,1964
791,71615,Drama,750000,4143,114,July,11,1975
792,85412,Comedy,10000000,3520605,99,November,4,1983
793,86216,Drama,10000000,18985,94,October,21,1983
794,90056,Comedy,22000000,8614039,102,December,6,1985
795,90319,Drama,20000000,477539,136,December,6,1985
796,90856,Comedy,15000000,4152296,96,July,11,1986
797,94304,Drama,12000000,132970,115,October,16,1987
798,98368,Drama,350000,8934,93,July,27,1990
799,99018,Comedy,25000000,1608365,95,December,19,1990
800,99634,Drama,380000,1141,92,,19,1990
801,99747,Drama,40000000,2175360,144,December,14,1990
802,101786,Comedy,17000000,1867201,107,July,19,1991
803,101984,Drama,13000000,2278290,105,March,15,1991
804,102590,Drama,16000000,309571,115,February,1,1991
805,104107,Drama,17000000,1504099,98,August,14,1992
806,104670,Comedy,20000000,5180414,90,March,27,1992
807,110442,Comedy,25000000,7040777,105,March,30,1994
808,201290,Comedy,170000,856,88,May,14,1999
809,330099,Drama,10000000,50601,93,November,14,2003
810,338309,Drama,22000000,2448,113,September,26,2003
811,349260,Drama,12000000,22383,105,May,7,2004
812,352332,Drama,1600000,27865,105,September,17,2004
813,364385,Horror,3500000,25446,92,January,25,2003
814,369702,Drama,10000000,55681,126,March,4,2005
815,375104,Drama,20000000,1233297,123,April,30,2004
816,377992,Drama,10000000,98363,180,November,14,2003
817,378284,Drama,1500000,4635,116,June,11,2004
818,405159,Drama,30000000,179953,132,January,28,2005
819,338751,Drama,110000000,858021,170,December,25,2004
820,290002,Comedy,80000000,46120980,115,December,22,2004
821,379889,Drama,30000000,69868,131,February,18,2005
822,95036,Drama,8000000,82186,114,November,11,1988
823,84173,Comedy,13400000,1209311,103,October,22,1982
824,393162,Drama,30000000,24182961,136,January,14,2005
825,79095,Drama,1975000,11623,120,March,23,1979
826,68278,Drama,325000,11623,124,October,5,1972
827,401488,Comedy,36000000,25144,108,September,16,2004
828,106464,Drama,12000000,88390,120,September,24,1993
829,101588,Drama,3000000,35281,129,November,15,1991
830,357110,Drama,1500000,59459,112,April,8,2005
831,88001,Comedy,28000000,5459726,111,June,22,1984
832,73424,Drama,750000,11623,120,January,2,1976
833,388838,Drama,4500000,14953,111,September,1,2004
834,325234,Comedy,944149,15859,90,September,28,2006
835,372334,Drama,6000000,36371,97,April,29,2005
836,354595,Drama,20000000,175336,101,August,26,2005
837,206113,Drama,13500000,268370,94,September,28,2005
838,342272,Drama,50000000,8222,105,February,4,2005
839,384642,Comedy,45000000,20159925,95,May,13,2005
840,373908,Comedy,25000000,5538835,90,June,10,2005
841,356443,Drama,24000000,21281,120,December,22,2004
842,381717,Drama,1000000,28451,100,August,5,2005
843,106613,Comedy,14000000,6027285,97,April,2,1993
844,367188,Drama,12000000,32360,128,September,29,2004
845,376108,Comedy,33100000,5033848,86,July,1,2005
846,411270,Drama,5300000,65365,108,March,16,2005
847,367652,Comedy,22000000,9626287,83,August,12,2005
848,300270,Drama,1400000,28327,106,May,6,2004
849,462333,Comedy,150000,15001,90,September,2,2005
850,377107,Drama,20000000,193840,100,October,7,2005
851,348333,Comedy,3000000,6021106,94,October,7,2005
852,350261,Drama,30000000,749000,108,September,16,2005
853,380599,Drama,60000000,68447,130,September,30,2005
854,388980,Drama,26000000,3657322,120,September,30,2005
855,406158,Drama,12000000,159056,99,June,1,2007
856,380389,Drama,10000000,1921838,118,May,12,2006
857,395543,Drama,1500000,11940,108,December,7,2005
858,417658,Drama,1000000,59212,94,April,29,2005
859,417217,Drama,35000000,8703240,122,October,7,2005
860,395972,Drama,35000000,6422455,126,October,21,2005
861,451069,Drama,4000000,7523571,105,October,7,2005
862,406038,Drama,500000,10664,95,March,14,2007
863,342735,Drama,14200000,15117,139,June,3,2005
864,420015,Drama,500000,28387,115,September,2,2005
865,387059,Drama,14000000,120544,104,November,23,2005
866,307913,Drama,900000,2350,84,March,19,2003
867,450278,Horror,4800000,19556099,94,January,6,2006
868,408985,Comedy,45000000,12806188,112,January,13,2006
869,417433,Drama,26000000,7681171,108,January,27,2006
870,449061,Drama,14000,12667,92,July,3,2021
871,108187,Comedy,25000000,1129689,93,August,27,1993
872,446046,Drama,30000000,12775000,118,April,7,2006
873,437800,Drama,8000000,6011585,112,April,28,2006
874,462395,Comedy,4000000,6922767,89,March,24,2006
875,466856,Drama,20000000,11554404,105,March,31,2006
876,437863,Comedy,33000000,19656429,85,April,7,2006
877,490196,Comedy,3000000,3109924,99,April,7,2006
878,438315,Drama,10000000,80602,120,June,23,2006
879,417385,Drama,400000,11456,95,July,7,2006
880,419256,Drama,7000000,55304,120,June,2,2006
881,343996,Drama,9600000,180000,144,May,26,2006
882,457510,Comedy,35000000,28309599,92,June,16,2006
883,463034,Comedy,54000000,21525560,110,July,14,2006
884,424345,Comedy,5000000,10061132,97,July,21,2006
885,437179,Horror,8000000,4581233,84,May,19,2006
886,101273,Drama,1500000,10686,102,July,19,1992
887,101798,Drama,750000,28318,87,October,18,1991
888,422861,Comedy,5000000,61043,88,February,2,2007
889,369994,Comedy,3500000,43141,97,July,21,2006
890,430304,Comedy,64000000,21613176,98,July,14,2006
891,399862,Drama,10000000,4712000,108,January,20,2006
892,469641,Drama,65000000,18730762,129,August,9,2006
893,454921,Drama,55000000,26541709,117,December,15,2006
894,456149,Drama,500000,5880,153,September,22,2005
895,468489,Drama,700000,53983,106,September,22,2006
896,384793,Comedy,23000000,10023835,93,August,18,2006
897,436697,Drama,9800000,122014,103,November,17,2006
898,486551,Comedy,17500000,7031228,110,August,25,2006
899,445990,Drama,40000000,17031122,105,August,25,2006
900,451176,Drama,400000,95400,90,July,5,2006
901,423169,Drama,2000000,34774,96,February,9,2007
902,421206,Drama,30000000,14414630,125,September,15,2006
903,405676,Drama,55000000,3672366,128,September,22,2006
904,443453,Comedy,18000000,26455463,84,November,3,2006
905,424993,Comedy,12000000,11407751,103,October,6,2006
906,420609,Drama,13000000,452966,110,October,13,2006
907,430431,Drama,20000000,4326000,123,October,13,2006
908,470765,Comedy,12000000,372012,86,November,22,2006
909,308055,Drama,14000000,69039,117,November,23,2006
910,448124,Drama,3000000,5030,112,September,8,2006
911,762121,Drama,35000000,8025000,101,December,1,2006
912,443431,Comedy,500000,33316,92,May,3,2007
913,91786,Drama,16000000,1854200,111,January,31,1986
914,758794,Drama,65000000,6114264,131,December,22,2006
915,463998,Drama,21000000,9405582,123,January,5,2007
916,90798,Drama,450000,532,93,August,29,1986
917,465551,Drama,15000000,414487,92,January,26,2007
918,482546,Drama,30000000,9653,88,March,9,2007
919,468526,Drama,300000,3310,76,January,26,2007
920,453453,Comedy,2800000,302908,86,September,15,2006
921,76263,Drama,100000,26154,80,November,14,1978
922,469263,Drama,13000000,4454319,104,February,23,2007
923,499554,Comedy,10000000,10273477,80,February,23,2007
924,462200,Drama,15000000,4143199,116,March,2,2007
925,94118,Comedy,3000000,2709160,95,November,20,1987
926,468548,Drama,1000000,7187,111,August,1,2021
927,429068,Drama,1200000,200554,102,February,17,2006
928,490204,Drama,20000000,7460690,124,March,23,2007
929,422774,Comedy,28000000,14262724,92,April,4,2007
930,455957,Drama,50000000,159671,113,November,10,2006
931,453451,Comedy,25000000,9889780,90,August,24,2007
932,480025,Drama,1500000,18430,101,April,27,2007
933,491747,Drama,4000000,114628,110,May,25,2007
934,441007,Drama,9000000,1355904,95,June,1,2007
935,449851,Comedy,25320000,67552,85,June,1,2007
936,89715,Comedy,7000000,6273,109,,19,1985
937,795368,Comedy,9000000,1282973,90,September,7,2007
938,398963,Comedy,185000,12605,88,September,28,2006
939,785077,Comedy,7000000,2756661,93,July,27,2007
940,804452,Comedy,20000000,4208455,110,August,3,2007
941,430768,Drama,50000,4515,88,May,25,2007
942,829482,Comedy,20000000,33052411,113,August,17,2007
943,432325,Drama,600000,5229,93,July,28,2005
944,416185,Drama,13000000,1667659,112,August,24,2007
945,815244,Comedy,16500000,5196380,108,September,21,2007
946,373883,Horror,15000000,26362367,109,August,31,2007
947,784972,Comedy,10000000,508601,93,September,7,2007
948,811106,Comedy,5250000,121374,96,April,25,2008
949,1032846,Drama,590000,51712,113,September,14,2007
950,465436,Drama,4000000,15810,105,September,20,2007
951,419984,Comedy,22000000,9100000,87,September,14,2007
952,492956,Comedy,22000000,22950971,110,September,28,2007
953,414055,Drama,55000000,6153075,114,October,12,2007
954,790804,Comedy,20000000,5554594,107,October,19,2007
955,762110,Drama,4500000,3474,103,April,18,2007
956,421082,Drama,4500000,27674,122,September,26,2007
957,765451,Drama,12000000,102212,104,May,9,2008
958,454864,Horror,5000000,8090,101,September,24,2008
959,391229,Comedy,1500000,12317,80,April,28,2006
960,857355,Drama,3000000,80655,110,November,2,2006
961,388182,Comedy,10000000,35814,93,September,12,2007
962,799934,Comedy,20000000,4100000,102,February,22,2008
963,65391,Drama,280000,11623,80,July,23,1971
964,757361,Drama,10000000,81035,93,February,21,2008
965,368794,Drama,20000000,730819,135,December,7,2007
966,433398,Drama,1300000,83397,135,April,21,2006
967,419887,Drama,20000000,471713,128,January,11,2008
968,478829,Drama,2500000,5722,100,December,7,2006
969,427309,Drama,15000000,6005180,126,December,25,2007
970,492463,Drama,60000,5065,83,June,27,2007
971,480001,Drama,1000000,8256,134,,20,2008
972,760311,Drama,600000,2431,100,May,17,2020
973,1073498,Comedy,30000000,18505530,87,January,25,2008
974,489282,Comedy,20000000,3001719,87,February,1,2008
975,480251,Comedy,3500000,36938,104,May,9,2008
976,814666,Drama,2000000,10183,115,October,18,2006
977,825236,Comedy,1300000,71916,95,August,9,2007
978,780492,Drama,1500000,13100,101,December,12,2008
979,83296,Horror,5500000,5250157,105,May,28,1982
980,494652,Comedy,35000000,16207730,104,February,8,2008
981,1001562,Comedy,7500000,2116692,99,February,22,2008
982,839980,Comedy,55000000,15200000,91,February,29,2008
983,427582,Drama,3000000,3407,115,September,23,2005
984,772168,Drama,2000000,13880,85,January,10,2008
985,811138,Comedy,62000000,13907130,87,June,20,2008
986,807721,Drama,1800000,25352,78,June,28,2007
987,89537,Drama,25000,3833,78,June,19,1987
988,419766,Drama,500000,17195,94,September,13,2005
989,914382,Drama,2500,4860,78,March,12,2007
990,814130,Comedy,850000,97137,88,April,26,2007
991,817538,Comedy,40000000,10309986,110,March,21,2008
992,85764,Comedy,300000,1431065,88,March,4,1983
993,475241,Drama,3000000,1983,104,February,21,2007
994,871426,Comedy,30000000,17407110,99,April,25,2008
995,827517,Drama,22000000,49060,105,September,8,2006
996,427998,Comedy,5400000,26334,104,June,7,2007
997,960144,Comedy,90000000,38531374,113,June,6,2008
998,803057,Comedy,8000000,30493,86,June,13,2008
999,829098,Drama,8000000,39210,92,July,4,2008
1000,55320,Drama,55000,2581,93,July,12,1962
1001,415856,Drama,3750000,13744,98,January,22,2007
1002,433350,Drama,500000,27835,88,January,31,2007
1003,811128,Drama,500000,2722,92,October,17,2007
1004,913445,Comedy,1500000,3220,87,June,13,2008
1005,829193,Drama,5000000,9863,124,May,9,2008
1006,451966,Drama,800000,5647,98,April,27,2007
1007,470679,Drama,3400000,8092,88,October,8,2009
1008,74312,Drama,1100000,11623,86,March,30,1977
1009,437526,Drama,6000000,33554,115,July,18,2008
1010,838283,Comedy,65000000,30940732,98,July,25,2008
1011,412536,Drama,20000000,339616,134,August,15,2008
1012,801526,Drama,750000,3002,77,February,21,2008
1013,978759,Drama,1000000,70234,97,September,5,2008
1014,914797,Drama,5000000,278075,110,September,5,2008
1015,769508,Drama,1500000,12231,92,October,4,2006
1016,841925,Drama,980000,11967,145,October,12,2007
1017,1104733,Comedy,9000000,439925,92,August,27,2008
1018,852713,Comedy,25000000,14533702,97,August,22,2008
1019,1091751,Drama,23000000,4080687,94,August,22,2008
1020,1031969,Comedy,15000000,2636048,102,August,20,2008
1021,1213644,Comedy,20000000,5836973,87,August,29,2008
1022,844671,Comedy,7000000,2153109,94,August,29,2008
1023,1020936,Drama,35000,3296,128,June,21,2007
1024,455538,Comedy,28000000,1430294,110,October,3,2008
1025,1175491,Drama,25100000,10505668,129,October,17,2008
1026,416212,Drama,11000000,10527799,114,October,17,2008
1027,1054588,Drama,20000000,2251075,119,October,3,2008
1028,469903,Drama,40000000,4562675,130,October,10,2008
1029,430922,Comedy,28000000,19167085,99,November,7,2008
1030,1135985,Comedy,19000000,3607164,109,October,17,2008
1031,1013753,Drama,20000000,1453844,128,January,30,2009
1032,369436,Comedy,80000000,31069826,88,November,26,2008
1033,986233,Drama,1500000,1980,96,October,31,2008
1034,814314,Drama,55000000,14851136,123,December,19,2008
1035,1125849,Drama,6000000,202714,109,January,30,2009
1036,1068680,Comedy,70000000,18262471,104,December,19,2008
1037,953318,Drama,1500000,904,93,September,26,2007
1038,373747,Drama,8000000,31405,115,May,13,2005
1039,1152850,Drama,200000,18218,80,March,6,2009
1040,1023490,Drama,5700000,13867,110,May,28,2008
1041,497316,Drama,4000000,2099,91,June,6,2008
1042,758746,Horror,19000000,40570365,97,February,13,2009
1043,961066,Drama,4773906,40443,131,September,24,2008
1044,1155056,Comedy,40000000,17810270,105,March,20,2009
1045,833960,Drama,2300000,3072,110,November,21,2008
1046,1226774,Comedy,612650,191866,106,September,4,2009
1047,1226271,Drama,10000000,32065,98,March,27,2009
1048,1038043,Drama,10000000,4531,125,January,23,2009
1049,1103982,Drama,1700000,162965,77,July,8,2009
1050,924129,Drama,19000000,77370,113,February,26,2009
1051,104283,Comedy,15000000,2177518,107,May,1,1992
1052,967945,Drama,5000000,74981,110,December,4,2009
1053,836700,Drama,4400000,49484,103,June,5,2009
1054,1083456,Comedy,20000000,5483778,90,February,20,2009
1055,120376,Comedy,15000000,217,84,October,1,1997
1056,419815,Drama,3000000,32406,114,January,7,2010
1057,1078588,Drama,30000000,12442212,109,June,26,2009
1058,889583,Comedy,42000000,30619130,81,July,10,2009
1059,938341,Drama,2500000,28345,120,September,27,2008
1060,101660,Comedy,2000000,7917,101,September,24,1993
1061,95302,Comedy,1800000,27964,108,February,26,1989
1062,1092633,Comedy,10000000,5642137,89,August,14,2009
1063,1151922,Comedy,6000000,2409156,90,March,13,2009
1064,1074929,Drama,4700000,39358,101,April,24,2009
1065,865559,Comedy,17000000,3223161,98,June,5,2009
1066,1127896,Comedy,30000000,3457760,120,August,28,2009
1067,1225822,Comedy,8000000,4340108,92,September,4,2009
1068,875705,Drama,4000000,9355,93,April,25,2008
1069,1153690,Drama,700000,8572,96,January,19,2008
1070,1058017,Comedy,18500000,7027472,100,October,2,2009
1071,1035736,Drama,23000000,406768,105,November,6,2009
1072,881891,Comedy,15000000,11241214,99,September,4,2009
1073,105256,Drama,18000000,140434,105,March,5,1993
1074,1129445,Drama,40000000,3904047,111,October,23,2009
1075,1100048,Drama,3599757,9576,100,February,18,2009
1076,1161418,Comedy,10000000,11502,89,May,27,2010
1077,974014,Drama,10000000,53073,108,September,25,2009
1078,196106,Comedy,4500000,99518,93,October,20,2000
1079,188160,Drama,18000000,1611833,118,March,31,2000
1080,929632,Drama,10000000,1872458,110,November,20,2009
1081,878804,Drama,29000000,34119372,129,November,20,2009
1082,1247692,Drama,5100000,16443,104,August,6,2009
1083,976238,Comedy,35000000,16894511,88,November,25,2009
1084,1175506,Drama,25000000,63638,114,December,18,2009
1085,1087527,Drama,2000000,9458,90,April,24,2008
1086,1315981,Drama,7000000,217332,99,February,5,2010
1087,1057500,Drama,60000000,8611147,134,December,11,2009
1088,780511,Drama,21000000,3852068,100,December,4,2009
1089,824758,Drama,18000000,73723,112,February,26,2010
1090,443506,Comedy,10000,5415,78,January,28,2005
1091,1244668,Comedy,4000000,20916,99,December,25,2009
1092,974613,Drama,15000000,51909,88,May,27,2009
1093,1187044,Drama,430000,17036,95,March,11,2011
1094,1244659,Drama,31000000,6012594,106,January,22,2010
1095,1230155,Comedy,1000000,1336,88,October,1,2009
1096,1232776,Drama,3000000,25854,123,September,11,2009
1097,1210039,Drama,10000000,82739,128,February,19,2010
1098,1220220,Comedy,5000000,50081,90,August,28,2009
1099,815236,Comedy,20000000,9775278,104,March,12,2010
1100,1134854,Horror,4000000,43757,90,May,6,2010
1101,1104083,Drama,2500000,73394,112,May,8,2009
1102,1305583,Comedy,14000000,7629862,103,March,12,2010
1103,346723,Drama,120000000,150000,167,June,13,2003
1104,783515,Drama,5000000,8538,100,April,27,2007
1105,1321509,Comedy,21000000,16217540,92,April,16,2010
1106,1467304,Horror,1500000,12424,92,April,28,2010
1107,1392197,Comedy,50000000,11599661,99,June,4,2010
1108,808285,Drama,3800000,5955,99,March,17,2010
1109,1226229,Comedy,40000000,17570955,109,June,4,2010
1110,1191111,Drama,16000000,43651,161,May,5,2010
1111,770814,Drama,4000000,9438,99,April,26,2008
1112,1375670,Comedy,80000000,40506562,102,June,25,2010
1113,1001540,Drama,2000000,3532,97,March,20,2009
1114,427152,Comedy,69000000,23527839,114,July,30,2010
1115,1294161,Drama,40000,5910,79,May,6,2010
1116,1183672,Drama,9000000,19154,97,March,18,2009
1117,1666186,Comedy,20000000,12202831,82,August,18,2010
1118,1328913,Drama,7000000,190638,110,January,29,2010
1119,1285016,Drama,40000000,22445653,120,October,1,2010
1120,1027718,Drama,70000000,19011188,133,September,24,2010
1121,71458,Drama,750000,11623,140,June,16,1977
1122,1414382,Comedy,20000000,8407513,105,September,24,2010
1123,1340107,Drama,5500000,33058,118,August,26,2010
1124,1588337,Drama,4000000,308895,122,March,25,2011
1125,1231583,Comedy,65000000,32689406,95,November,5,2010
1126,1588875,Drama,2500000,4968,130,January,28,2011
1127,1020773,Drama,7000000,77937,106,March,25,2011
1128,1421051,Drama,7000000,119086,97,January,21,2011
1129,964517,Drama,25000000,300010,116,December,17,2010
1130,1361313,Comedy,7000000,18861,108,January,27,2011
1131,1570989,Comedy,65000,21235,98,March,30,2012
1132,887732,Drama,300000,16707,118,July,11,2008
1133,1356928,Drama,2100000,10414,110,December,16,2009
1134,1431181,Drama,8000000,111869,129,February,4,2011
1135,1172991,Drama,15000000,647797,104,February,11,2011
1136,935075,Drama,5000000,53778,91,January,28,2011
1137,970866,Comedy,100000000,30833665,98,December,22,2010
1138,1023114,Drama,30000000,1218868,133,January,21,2011
1139,489212,Comedy,500000,3821,91,June,8,2007
1140,1287878,Drama,1300000000,18900,139,February,11,2011
1141,1257562,Drama,3400000,1892,105,December,24,2010
1142,1405500,Drama,21000000,19497324,134,November,5,2010
1143,1477837,Comedy,10000000,302968,87,March,18,2011
1144,480687,Comedy,36000000,13535374,105,February,25,2011
1145,896923,Drama,8300000,24401,117,June,24,2010
1146,1521848,Comedy,11216287,86017,103,April,15,2011
1147,1464174,Comedy,32000000,16300803,107,February,18,2011
1148,1037163,Drama,6500000,6453,109,August,12,2009
1149,1650043,Comedy,21000000,23751502,100,March,25,2011
1150,1334512,Comedy,40000000,12222756,110,April,8,2011
1151,1478338,Comedy,32500000,26247410,125,May,13,2011
1152,1321860,Drama,21000000,107577,91,May,19,2011
1153,478304,Drama,32000000,372920,139,May,17,2011
1154,1411697,Comedy,80000000,85946294,102,May,26,2011
1155,1695994,Comedy,2000000,301885,86,September,24,2010
1156,1282153,Drama,2000000,7499,97,March,16,2011
1157,1532503,Drama,3200000,141340,105,June,9,2011
1158,979434,Comedy,17000000,10652297,99,August,20,2010
1159,832347,Drama,2000000,509,88,September,8,2006
1160,493395,Drama,10000000,1924,165,May,8,2008
1161,1396218,Comedy,55000000,18445355,94,June,17,2011
1162,1284575,Comedy,20000000,31603106,92,June,24,2011
1163,1391137,Comedy,20000000,29289537,121,April,2,2010
1164,416773,Comedy,1000000,8441,80,July,11,2004
1165,1222817,Comedy,80000000,20065617,102,July,8,2011
1166,1255951,Comedy,1000000,577381,162,November,27,2009
1167,1541995,Drama,6000000,134005,104,June,24,2011
1168,1314190,Drama,300000,11332,88,,20,2010
1169,90769,Drama,7716000,94261,100,January,17,1986
1170,1637706,Comedy,5000000,7011631,90,August,26,2011
1171,1488555,Comedy,52000000,13531115,112,August,5,2011
1172,1454029,Drama,25000000,26044590,146,August,10,2011
1173,1305587,Drama,500000,10087,94,October,8,2010
1174,968264,Drama,25000000,3506602,122,April,15,2011
1175,1268799,Comedy,19000000,12954142,90,November,4,2011
1176,1082009,Drama,5000000,28092,97,April,1,2011
1177,1464580,Horror,650000,7258,98,June,17,2011
1178,1189073,Drama,10002914,223119,120,September,2,2011
1179,1235170,Drama,1000000,27137,91,August,17,2011
1180,1554091,Drama,10000000,62087,98,July,28,2011
1181,1341341,Comedy,3,6920,89,February,11,2011
1182,1742650,Comedy,24000000,4402201,89,September,16,2011
1183,1588398,Drama,3000000,9207,101,December,2,2011
1184,1210166,Drama,50000000,19501302,133,September,23,2011
1185,1100051,Horror,3600000,20744,109,July,16,2010
1186,1832382,Drama,500000,59481,123,March,16,2011
1187,1291584,Drama,25000000,5242107,140,September,9,2011
1188,1124035,Drama,12500000,10470143,101,October,7,2011
1189,1365483,Drama,10000000,1553,92,July,26,2012
1190,1684628,Drama,1000000,43318,107,February,8,2012
1191,1675192,Drama,5000000,52041,121,November,10,2011
1192,1613062,Drama,4000000,76543,105,October,27,2011
1193,1438216,Drama,4500000,18600,105,April,1,2011
1194,466893,Drama,14000000,7525,150,June,1,2012
1195,1778304,Horror,5000000,52568183,83,October,21,2011
1196,1723811,Drama,6500000,361000,101,January,13,2012
1197,486751,Drama,1400000,4515,95,September,20,2006
1198,1521197,Drama,30000000,1021768,130,October,28,2011
1199,1616195,Drama,35000000,11217324,137,November,11,2011
1200,1847731,Drama,1000000,7078,82,April,20,2011
1201,810913,Comedy,79000000,25003575,91,November,11,2011
1202,391483,Drama,3000,10505,87,January,18,2004
1203,1660379,Drama,4000000,4766,122,November,25,2011
1204,1719071,Drama,4000000,8464,119,December,8,2011
1205,1181614,Drama,5000000,8956,129,November,11,2011
1206,1655420,Drama,6400000,1750507,99,December,23,2011
1207,1668200,Drama,10000000,115708,111,July,22,2011
1208,308363,Drama,1450000,1982,90,January,15,2003
1209,1366344,Comedy,25000000,9851435,81,December,9,2011
1210,477302,Drama,40000000,72348,129,January,20,2012
1211,473102,Drama,12500000,511698,118,April,16,2010
1212,1602098,Drama,8000000,696088,113,February,22,2012
1213,1720616,Comedy,10000000,2019083,107,March,16,2012
1214,1233334,Drama,450000,48579,86,October,31,2012
1215,1151410,Drama,3000000,2803,96,January,15,2015
1216,1880418,Drama,9000,4584,95,December,26,2011
1217,1007029,Drama,13000000,220409,105,January,13,2012
1218,1711484,Drama,5567927,16273,105,May,18,2011
1219,1726738,Drama,10000000,15243,122,July,27,2012
1220,1650407,Comedy,17500000,10145,76,August,19,2011
1221,1437357,Drama,8000000,10030,140,November,15,2013
1222,1311075,Drama,2300000,8528,103,March,4,2011
1223,1855401,Comedy,3000000,87475,93,January,27,2012
1224,1720182,Drama,1000000,102096,107,March,23,2012
1225,1699147,Drama,7500000,1316910,100,September,2,2011
1226,1630036,Drama,2000000,9112839,130,September,30,2011
1227,1636826,Comedy,12000000,21051363,88,March,2,2012
1228,1053810,Comedy,41000000,3251884,102,October,14,2011
1229,1702425,Comedy,6000000,2287239,85,May,11,2012
1230,1605630,Comedy,50000000,21514080,113,April,6,2012
1231,1726589,Comedy,930000,20186,101,April,13,2012
1232,383010,Comedy,30000000,17010125,92,April,13,2012
1233,1621045,Comedy,12000000,33636303,123,April,20,2012
1234,1327194,Drama,25000000,22518358,101,April,20,2012
1235,1686018,Horror,3000000,327000,93,September,9,2011
1236,1645170,Comedy,65000000,17435092,83,May,16,2012
1237,1034324,Drama,7000000,963221,99,October,21,2011
1238,1070858,Drama,900000,258400,96,September,18,2009
1239,1991245,Horror,1000000,7955307,86,May,25,2012
1240,1663321,Drama,12000000,11301,93,October,26,2011
1241,1480656,Drama,20500000,70339,109,May,25,2012
1242,1859650,Comedy,17000000,361359,112,July,6,2012
1243,1716777,Drama,16000000,4255423,114,June,29,2012
1244,2215285,Comedy,20000000,25390575,114,June,29,2012
1245,1602472,Comedy,8000000,23942,96,March,28,2012
1246,1235841,Drama,11000000,1304,95,October,26,2011
1247,1790886,Comedy,95000000,26588460,85,August,10,2012
1248,1690455,Drama,2000000,13551,86,June,29,2012
1249,1920849,Comedy,3000000,181494,87,September,6,2012
1250,1232200,Comedy,70000000,13453714,116,June,15,2012
1251,2083383,Drama,30000000,12162040,111,September,21,2012
1252,1560747,Drama,32000000,736311,138,September,21,2012
1253,2106476,Drama,3800000,43045,115,January,10,2013
1254,1918727,Drama,200000,3412,94,January,25,2012
1255,1995304,Comedy,750000,1450,98,March,9,2012
1256,981042,Drama,2500000,77960,100,September,24,2010
1257,1629757,Drama,20000000,2268274,116,October,26,2012
1258,1866249,Drama,1000000,113467,95,November,16,2012
1259,84268,Comedy,17000000,528559,105,June,30,1983
1260,1907668,Drama,31000000,24900566,138,November,2,2012
1261,1781769,Drama,40600000,320690,129,September,7,2012
1262,975645,Drama,15700000,287715,98,December,14,2012
1263,1132449,Comedy,26350000,20998,94,June,22,2012
1264,1954352,Drama,13000000,257364,105,May,18,2012
1265,1694020,Comedy,40000000,5290629,95,December,19,2012
1266,1758830,Drama,35000000,11579175,134,December,21,2012
1267,1230215,Drama,20000000,19182,117,July,19,2013
1268,2347497,Horror,5000000,9780,94,December,4,2012
1269,1600207,Drama,15000000,25785,114,September,7,2012
1270,1047540,Comedy,25000000,14554053,105,December,25,2012
1271,2091473,Drama,15000000,173915,106,January,4,2013
1272,2023587,Horror,15000000,28402310,100,January,18,2013
1273,2023690,Comedy,1300000,7384,88,May,10,2013
1274,1584131,Comedy,13400000,101779,100,December,29,2010
1275,1869716,Drama,6500000,77031,116,June,28,2013
1276,1907707,Drama,3000000,83194,94,September,1,2015
1277,1711425,Comedy,13000000,8754168,93,March,1,2013
1278,1549589,Drama,4000000,24286,99,February,1,2012
1279,2070776,Comedy,13000000,15690,111,September,6,2013
1280,790628,Comedy,30000000,10177257,100,March,15,2013
1281,2243389,Comedy,5000000,97328,90,March,8,2013
1282,1876360,Drama,153000000,3248,110,July,11,2012
1283,1288558,Horror,17000000,25775847,91,April,5,2013
1284,453562,Drama,40000000,27487144,128,April,12,2013
1285,795461,Comedy,20000000,14157367,88,April,12,2013
1286,2051894,Drama,1200000,1623000,113,April,19,2013
1287,1945062,Drama,2500000,2760,98,August,9,2012
1288,1343092,Drama,105000000,50085185,143,May,10,2013
1289,2234155,Comedy,58000000,17325307,119,June,7,2013
1290,1951261,Comedy,103000000,41671198,100,May,23,2013
1291,1426329,Drama,10000000,184536,93,August,8,2013
1292,2341664,Horror,12000000,1600,105,March,22,2013
1293,1931435,Comedy,35000000,7591663,90,April,26,2013
1294,1758610,Drama,2000000,525192,92,September,21,2012
1295,1932767,Drama,6000000,21480,99,May,3,2013
1296,2334649,Drama,900000,386291,85,July,26,2013
1297,2356180,Drama,410000000,647112,186,July,12,2013
1298,2334873,Drama,18000000,612064,98,August,23,2013
1299,2191701,Comedy,80000000,41508572,101,July,12,2013
1300,2357129,Drama,12000000,6713900,128,August,16,2013
1301,1327773,Drama,30000000,24637312,132,August,16,2013
1302,818170,Drama,1700000,2330,88,April,2,2009
1303,1778924,Drama,3100000,659912,105,August,15,2018
1304,1758795,Comedy,1500000,1579402,104,July,26,2013
1305,2345112,Drama,10000000,310246,93,October,2,2013
1306,1171222,Comedy,8500000,9031102,96,September,27,2013
1307,2024544,Drama,20000000,923715,134,November,8,2013
1308,2187115,Drama,850000,12955,112,March,8,2013
1309,88765,Comedy,8000000,1289783,98,November,22,1985
1310,3063516,Comedy,15000000,32055177,92,October,25,2013
1311,830535,Drama,50000,585,96,July,11,2008
1312,790636,Drama,5000000,260865,117,November,22,2013
1313,2299842,Drama,103000,6222,103,September,6,2012
1314,2765340,Drama,20000000,5281,131,April,26,2013
1315,2387559,Comedy,26000000,7944977,105,November,22,2013
1316,2042568,Drama,11000000,405411,104,January,10,2014
1317,2304771,Drama,35000000,84283,141,December,25,2013
1318,2752200,Drama,4645437,4607,95,April,25,2014
1319,1605803,Drama,9000000,16270,102,June,22,2012
1320,2275471,Drama,5000000,388,95,October,31,2013
1321,1229340,Comedy,50000000,26232425,119,December,18,2013
1322,1663143,Comedy,14000000,4101017,86,October,26,2012
1323,1247667,Comedy,10000000,82832,99,November,23,2012
1324,1661382,Comedy,40000000,7021993,113,December,25,2013
1325,76706,Drama,300000,2204,100,July,20,1979
1326,2752758,Horror,7000000,8308220,89,January,17,2014
1327,1876330,Drama,1500000,5985,90,June,7,2013
1328,1464191,Drama,2000000,16781,91,May,2,2014
1329,2094890,Drama,750000,22500,107,January,18,2013
1330,1937390,Drama,4700000,158369,117,March,6,2014
1331,1067765,Comedy,4000000,3783,97,February,14,2014
1332,2382396,Drama,4000000,105881,117,April,11,2014
1333,2442502,Comedy,18000000,738,99,January,22,2014
1334,2170299,Comedy,10000000,113301,89,March,28,2014
1335,3210686,Drama,22000000,25601865,138,February,28,2014
